# Redirect old WordPress URLs to new Astro blog paths
/forex /blog/forex 301
/trading-diario-2 /blog/trading-diario-2 301
/cfd-trading /blog/cfd-trading 301
/brokers /blog/brokers 301
/day-trading /blog/day-trading 301
/pepperstone /blog/pepperstone 301
/convertidor-de-moneda /blog/convertidor-de-moneda 301
/mercados-de-divisas /blog/mercados-de-divisas 301
/calendario-economico /blog/calendario-economico 301
/graficos /blog/graficos 301
/trading-diario-en-margenes /blog/trading-diario-en-margenes 301
/las-mejores-alertas-para-el-trading-diario /blog/las-mejores-alertas-para-el-trading-diario 301
/bonos /blog/bonos 301
/margen /blog/margen 301
/opciones /blog/opciones 301
/software /blog/software 301
/estrategia /blog/estrategia 301
/impuestos /blog/impuestos 301
/consejos /blog/consejos 301
/digital100 /blog/digital100 301
/criptomonedas /blog/criptomonedas 301
/cuentas-demo /blog/cuentas-demo 301
/tutorial-de-los-mejores-software-automaticos-para-trading-diario /blog/tutorial-de-los-mejores-software-automaticos-para-trading-diario 301
/opciones-binarias /blog/opciones-binarias 301
/graficos-2 /blog/graficos-2 301
/para-ganarse-la-vida /blog/para-ganarse-la-vida 301
/glosario /blog/glosario 301
/fin-de-semana /blog/fin-de-semana 301
/por-que-aprender-trading /blog/por-que-aprender-trading 301
/youtube /blog/youtube 301
/futuros /blog/futuros 301
/halal /blog/halal 301
/trading-diario /blog/trading-diario 301
/mercados /blog/mercados 301
/ingresos-pasivos /blog/ingresos-pasivos 301
/regulacion /blog/regulacion 301
/reglas /blog/reglas 301
/analisis-tecnico /blog/analisis-tecnico 301
/apps /blog/apps 301
/apuesta-a-margen /blog/apuesta-a-margen 301
/swing-trading /blog/swing-trading 301
/metatrader5 /blog/metatrader5 301
/libros /blog/libros 301
